id,area,sample_count,mode_fraction,original_rgb,agon_rgb,palette_index
white-0001,2946,2494,0.5272654370489174,"[252.0, 208.0, 51.0]","[255, 170, 85]",59
white-0002,899,669,0.600896860986547,"[251.0, 206.0, 52.0]","[255, 170, 85]",59
white-0003,895,667,0.5892053973013494,"[252.0, 206.0, 51.0]","[255, 170, 85]",59
white-0004,3186,2490,0.3437751004016064,"[251.5, 206.0, 49.0]","[255, 170, 85]",59
white-0005,3142,2451,0.48306813545491634,"[252.0, 209.0, 52.0]","[255, 170, 85]",59
white-0006,204,99,0.3838383838383838,"[246.0, 204.0, 50.0]","[255, 170, 85]",59
white-0007,205,102,0.38235294117647056,"[246.0, 205.0, 54.0]","[255, 170, 85]",59
white-0008,187,83,0.42168674698795183,"[250.0, 204.0, 44.0]","[255, 170, 85]",59
white-0009,211,105,0.37142857142857144,"[249.0, 209.0, 55.0]","[255, 170, 85]",59
white-0010,1015,725,0.5517241379310345,"[251.0, 206.0, 50.0]","[255, 170, 85]",59
white-0011,1030,739,0.4614343707713126,"[253.0, 210.0, 52.0]","[255, 170, 85]",59
white-0012,1033,746,0.5013404825737265,"[253.0, 210.0, 52.0]","[255, 170, 85]",59
white-0013,1589,1120,0.38571428571428573,"[251.0, 205.0, 50.0]","[255, 170, 85]",59
white-0014,1608,1128,0.3528368794326241,"[253.0, 209.0, 51.0]","[255, 170, 85]",59
white-0015,881,600,0.41,"[250.0, 206.0, 50.0]","[255, 170, 85]",59
white-0016,1946,1604,0.6596009975062345,"[253.0, 209.0, 53.0]","[255, 170, 85]",59
white-0017,1128,755,0.5072847682119205,"[252.0, 210.0, 54.0]","[255, 170, 85]",59
white-0018,629,420,0.4095238095238095,"[0.0, 181.0, 204.0]","[0, 170, 170]",6
white-0019,636,425,0.39294117647058824,"[0.0, 179.0, 201.0]","[0, 170, 170]",6
white-0020,1094,721,0.3855755894590846,"[252.0, 210.0, 54.0]","[255, 170, 85]",59
white-0021,1951,1609,0.7632069608452455,"[252.0, 210.0, 53.0]","[255, 170, 85]",59
white-0022,1276,648,0.24074074074074073,"[249.0, 216.0, 85.0]","[255, 255, 85]",62
white-0023,569,341,0.4604105571847507,"[250.0, 203.0, 45.0]","[255, 170, 85]",59
white-0024,431,246,0.5203252032520326,"[1.0, 167.0, 189.0]","[0, 170, 170]",6
white-0025,454,259,0.4247104247104247,"[1.0, 163.0, 185.0]","[0, 170, 170]",6
white-0026,559,331,0.45317220543806647,"[252.0, 209.0, 54.0]","[255, 170, 85]",59
white-0027,1302,1047,0.612225405921681,"[252.0, 209.0, 52.0]","[255, 170, 85]",59
white-0028,1293,1040,0.6538461538461539,"[253.0, 210.0, 54.0]","[255, 170, 85]",59
white-0029,1295,1042,0.7332053742802304,"[253.0, 210.0, 54.0]","[255, 170, 85]",59
white-0030,1282,1031,0.5092143549951503,"[252.0, 209.0, 53.0]","[255, 170, 85]",59
white-0031,2844,1986,0.49244712990936557,"[252.0, 208.0, 49.0]","[255, 170, 85]",59
white-0032,6832,4785,0.4622779519331243,"[250.0, 206.0, 51.0]","[255, 170, 85]",59
white-0033,11657,7603,0.5810864132579245,"[250.0, 206.0, 53.0]","[255, 170, 85]",59
white-0034,2835,1980,0.35353535353535354,"[252.0, 207.0, 49.0]","[255, 170, 85]",59
white-0035,309,106,0.46226415094339623,"[0.0, 165.0, 185.0]","[0, 170, 170]",6
white-0036,316,108,0.6388888888888888,"[0.0, 179.0, 199.0]","[0, 170, 170]",6
white-0037,11884,6239,0.3883635197948389,"[252.0, 209.0, 53.0]","[255, 170, 85]",59
white-0038,1378,669,0.5171898355754858,"[250.0, 210.0, 52.0]","[255, 170, 85]",59
white-0039,1366,665,0.6090225563909775,"[250.0, 210.0, 53.0]","[255, 170, 85]",59
white-0040,941,721,0.5423023578363384,"[253.0, 209.0, 53.0]","[255, 170, 85]",59
white-0041,914,696,0.5948275862068966,"[253.0, 209.0, 53.0]","[255, 170, 85]",59
white-0042,915,697,0.4232424677187948,"[252.0, 209.0, 53.0]","[255, 170, 85]",59
white-0043,929,710,0.5901408450704225,"[253.0, 210.0, 55.0]","[255, 170, 85]",59
white-0044,6871,1753,0.30062749572162006,"[245.0, 205.0, 55.0]","[255, 170, 85]",59
white-0045,387,237,0.3924050632911392,"[252.0, 209.0, 56.0]","[255, 170, 85]",59
white-0046,438,281,0.45907473309608543,"[251.0, 206.0, 52.0]","[255, 170, 85]",59
white-0047,413,260,0.6269230769230769,"[252.0, 206.0, 52.0]","[255, 170, 85]",59
white-0048,407,257,0.4708171206225681,"[251.0, 205.0, 51.0]","[255, 170, 85]",59
white-0049,2574,1914,0.5663531870428422,"[1.0, 177.0, 197.0]","[0, 170, 170]",6
white-0050,2517,1861,0.6206340677055346,"[1.0, 177.0, 197.0]","[0, 170, 170]",6
white-0051,1274,809,0.622991347342398,"[251.0, 231.0, 151.0]","[255, 255, 170]",63
white-0052,1393,897,0.6521739130434783,"[252.0, 232.0, 153.0]","[255, 255, 170]",63
white-0053,1442,975,0.6625641025641026,"[252.5, 232.0, 152.0]","[255, 255, 170]",63
white-0054,1403,905,0.48839779005524864,"[251.0, 234.0, 164.0]","[255, 255, 170]",63
white-0055,1558,1006,0.6322067594433399,"[252.0, 233.0, 154.0]","[255, 255, 170]",63
white-0056,1152,772,0.6955958549222798,"[252.0, 232.0, 153.0]","[255, 255, 170]",63
white-0057,1364,860,0.6581395348837209,"[252.0, 233.0, 154.0]","[255, 255, 170]",63
white-0058,1565,1057,0.6603595080416272,"[252.0, 233.0, 151.0]","[255, 255, 170]",63
white-0059,1214,808,0.754950495049505,"[252.0, 233.0, 153.0]","[255, 255, 170]",63
white-0060,1483,951,0.7108307045215563,"[251.0, 232.0, 152.0]","[255, 255, 170]",63
white-0061,1419,963,0.6728971962616822,"[252.0, 232.0, 153.0]","[255, 255, 170]",63
white-0062,544,173,0.19653179190751446,"[242.0, 204.0, 71.0]","[255, 170, 85]",59
white-0063,555,182,0.3021978021978022,"[245.0, 214.0, 88.0]","[255, 255, 85]",62
white-0064,837,481,0.5093555093555093,"[251.0, 211.0, 58.0]","[255, 170, 85]",59
white-0065,808,452,0.33185840707964603,"[249.5, 204.0, 42.0]","[255, 170, 0]",58
white-0066,540,371,0.555256064690027,"[252.0, 209.0, 51.0]","[255, 170, 85]",59
white-0067,539,371,0.3935309973045822,"[252.0, 206.0, 50.0]","[255, 170, 85]",59
white-0068,516,350,0.5114285714285715,"[251.0, 206.0, 50.0]","[255, 170, 85]",59
white-0069,555,383,0.4255874673629243,"[251.0, 205.0, 51.0]","[255, 170, 85]",59
white-0070,669,468,0.4017094017094017,"[1.0, 197.0, 216.0]","[0, 170, 255]",22
white-0071,664,463,0.5745140388768899,"[0.0, 182.0, 203.0]","[0, 170, 170]",6
white-0072,638,442,0.5384615384615384,"[0.0, 197.0, 217.5]","[0, 170, 255]",22
white-0073,676,478,0.5230125523012552,"[0.0, 180.5, 201.0]","[0, 170, 170]",6
white-0074,293,150,0.38,"[1.0, 165.0, 188.0]","[0, 170, 170]",6
white-0075,280,138,0.35507246376811596,"[0.0, 171.0, 196.0]","[0, 170, 170]",6
white-0076,799,559,0.6422182468694096,"[0.0, 178.0, 199.0]","[0, 170, 170]",6
white-0077,788,550,0.4381818181818182,"[0.0, 178.0, 199.0]","[0, 170, 170]",6
white-0078,2457,1665,0.512912912912913,"[252.0, 209.0, 54.0]","[255, 170, 85]",59
white-0079,2457,1665,0.5051051051051051,"[252.0, 209.0, 54.0]","[255, 170, 85]",59
white-0080,1125,781,0.4737516005121639,"[252.0, 209.0, 54.0]","[255, 170, 85]",59
white-0081,1139,792,0.5643939393939394,"[252.0, 209.0, 53.0]","[255, 170, 85]",59
white-0082,384,177,0.3163841807909605,"[251.0, 210.5, 60.0]","[255, 170, 85]",59
white-0083,389,180,0.4222222222222222,"[249.0, 201.5, 45.0]","[255, 170, 85]",59
white-0084,382,176,0.4943181818181818,"[249.0, 202.0, 42.0]","[255, 170, 0]",58
white-0085,391,180,0.6055555555555555,"[248.0, 204.0, 51.0]","[255, 170, 85]",59
white-0086,389,123,0.3821138211382114,"[246.0, 211.0, 73.0]","[255, 170, 85]",59
white-0087,396,132,0.3181818181818182,"[247.0, 209.0, 65.0]","[255, 170, 85]",59
white-0088,273,105,0.6761904761904762,"[248.0, 202.0, 53.0]","[255, 170, 85]",59
white-0089,266,102,0.4215686274509804,"[248.0, 199.0, 43.0]","[255, 170, 85]",59
white-0090,259,99,0.42424242424242425,"[246.0, 203.0, 57.0]","[255, 170, 85]",59
white-0091,273,105,0.6476190476190476,"[246.0, 202.0, 53.0]","[255, 170, 85]",59
white-0092,2714,1294,0.3230293663060278,"[247.0, 206.0, 54.0]","[255, 170, 85]",59
white-0093,8063,4355,0.4764638346727899,"[245.0, 203.0, 52.0]","[255, 170, 85]",59
white-0094,6349,3785,0.7418758256274769,"[248.0, 204.0, 55.0]","[255, 170, 85]",59
white-0095,482,312,0.4583333333333333,"[251.0, 206.0, 52.0]","[255, 170, 85]",59
white-0096,485,312,0.483974358974359,"[252.0, 209.0, 54.0]","[255, 170, 85]",59
white-0097,6356,3788,0.7463041182682154,"[247.0, 206.0, 54.0]","[255, 170, 85]",59
white-0098,6360,3792,0.676951476793249,"[248.0, 206.0, 56.0]","[255, 170, 85]",59
white-0099,485,312,0.4391025641025641,"[250.0, 205.0, 52.0]","[255, 170, 85]",59
white-0100,484,312,0.3974358974358974,"[252.0, 210.0, 56.0]","[255, 170, 85]",59
white-0101,6350,3786,0.5475435816164818,"[252.0, 209.0, 52.0]","[255, 170, 85]",59
white-0102,262,48,0.5416666666666666,"[252.0, 210.5, 41.0]","[255, 170, 0]",58
white-0103,179,32,0.53125,"[244.0, 200.0, 36.0]","[255, 170, 0]",58
white-0104,116,19,0.5789473684210527,"[237.0, 199.0, 71.0]","[255, 170, 85]",59
white-0105,213,38,0.631578947368421,"[246.0, 202.0, 40.0]","[255, 170, 0]",58
white-0106,266,65,0.36923076923076925,"[245.5, 201.0, 41.0]","[255, 170, 0]",58
white-0107,218,45,0.3111111111111111,"[247.0, 203.5, 41.0]","[255, 170, 0]",58
white-0108,328,86,0.29069767441860467,"[248.0, 205.0, 42.0]","[255, 170, 0]",58
white-0109,205,36,0.4166666666666667,"[242.0, 203.0, 51.0]","[255, 170, 85]",59
white-0110,163,30,0.4666666666666667,"[252.5, 213.0, 53.5]","[255, 255, 85]",62
white-0111,113,19,0.5263157894736842,"[233.0, 198.0, 60.0]","[255, 170, 85]",59
white-0112,310,75,0.29333333333333333,"[246.5, 203.0, 42.0]","[255, 170, 0]",58
white-0113,210,40,0.375,"[244.0, 201.0, 43.0]","[255, 170, 85]",59
white-0114,148,24,0.375,"[248.0, 210.0, 58.0]","[255, 170, 85]",59
white-0115,1120,648,0.7237654320987654,"[252.0, 211.0, 55.0]","[255, 170, 85]",59
white-0116,1119,648,0.6388888888888888,"[252.0, 211.0, 55.0]","[255, 170, 85]",59
white-0117,4342,2198,0.6164695177434031,"[248.0, 206.0, 54.0]","[255, 170, 85]",59
white-0118,5292,3139,0.5887225230965275,"[247.0, 206.0, 59.0]","[255, 170, 85]",59
white-0119,5274,3126,0.8067818298144593,"[247.0, 205.0, 55.0]","[255, 170, 85]",59
white-0120,5257,3109,0.7616596976519782,"[251.0, 210.0, 54.0]","[255, 170, 85]",59
white-0121,995,995,0.8010050251256281,"[255.0, 217.0, 42.0]","[255, 255, 0]",11
white-0122,3874,2093,0.610606784519828,"[246.0, 231.0, 162.0]","[255, 255, 170]",63
white-0123,3972,2188,0.8651736745886655,"[247.0, 232.0, 167.0]","[255, 255, 170]",63
white-0124,3532,1752,0.5399543378995434,"[249.0, 232.0, 162.0]","[255, 255, 170]",63
white-0125,3567,1783,0.569826135726304,"[248.0, 233.0, 163.0]","[255, 255, 170]",63
white-0126,11676,9867,0.7176446741664133,"[253.0, 246.0, 206.0]","[255, 255, 170]",63
white-0127,12023,10215,0.7506607929515419,"[253.0, 246.0, 205.0]","[255, 255, 170]",63
white-0128,11232,9426,0.9239338001273074,"[253.0, 245.0, 204.0]","[255, 255, 170]",63
white-0129,11656,9846,0.8819825309770465,"[253.0, 246.0, 205.0]","[255, 255, 170]",63
white-0130,427,239,0.4351464435146444,"[1.0, 163.0, 184.0]","[0, 170, 170]",6
white-0131,451,263,0.5361216730038023,"[1.0, 164.0, 187.0]","[0, 170, 170]",6
white-0132,391,206,0.441747572815534,"[1.0, 157.0, 180.0]","[0, 170, 170]",6
white-0133,383,203,0.3891625615763547,"[0.0, 170.0, 196.0]","[0, 170, 170]",6
white-0134,173,4,0.75,"[244.0, 237.0, 204.0]","[255, 255, 170]",63
white-0135,150,6,0.8333333333333334,"[243.0, 237.0, 198.0]","[255, 255, 170]",63
white-0136,247,35,0.37142857142857144,"[248.0, 244.0, 209.0]","[255, 255, 170]",63
white-0137,111,6,0.6666666666666666,"[241.0, 236.5, 200.0]","[255, 255, 170]",63
white-0138,197,25,0.48,"[245.5, 243.5, 213.0]","[255, 255, 255]",15
white-0139,170,6,0.6666666666666666,"[242.5, 234.0, 188.5]","[255, 255, 170]",63
white-0140,100,4,0.5,"[248.0, 237.0, 189.5]","[255, 255, 170]",63
white-0141,112,8,0.5,"[251.0, 244.5, 213.5]","[255, 255, 255]",15
white-0142,242,41,0.21951219512195122,"[236.0, 230.0, 202.0]","[255, 255, 170]",63
white-0143,155,6,1.0,"[252.0, 246.0, 198.0]","[255, 255, 170]",63
white-0144,237,27,0.4444444444444444,"[248.0, 245.0, 200.0]","[255, 255, 170]",63
white-0145,166,14,0.2857142857142857,"[242.0, 230.5, 183.0]","[255, 255, 170]",63
white-0146,147,7,0.2857142857142857,"[229.0, 228.5, 225.5]","[255, 255, 255]",15
white-0147,173,8,0.5,"[248.0, 241.0, 199.0]","[255, 255, 170]",63
white-0148,145,12,0.5833333333333334,"[249.0, 243.0, 202.0]","[255, 255, 170]",63
white-0149,144,6,0.5,"[239.0, 233.0, 199.0]","[255, 255, 170]",63
white-0150,155,19,0.631578947368421,"[251.0, 246.0, 199.5]","[255, 255, 170]",63
white-0151,16,16,0.1875,"[247.0, 238.0, 197.0]","[255, 255, 170]",63
white-0152,17,17,0.17647058823529413,"[255.0, 255.0, 242.0]","[255, 255, 255]",15
white-0153,16,16,0.25,"[255.0, 250.0, 216.0]","[255, 255, 255]",15
white-0154,47,47,0.19148936170212766,"[183.0, 183.0, 154.0]","[170, 170, 170]",7
white-0155,1990,1990,0.4909547738693467,"[187.0, 167.0, 39.0]","[170, 170, 0]",3
white-0156,121,7,0.42857142857142855,"[251.0, 245.0, 200.0]","[255, 255, 170]",63
white-0157,219,33,0.3939393939393939,"[243.0, 238.0, 203.0]","[255, 255, 170]",63
white-0158,117,6,0.6666666666666666,"[246.5, 243.0, 213.0]","[255, 255, 255]",15
white-0159,171,9,0.4444444444444444,"[246.5, 238.5, 198.5]","[255, 255, 170]",63
white-0160,182,10,0.6,"[243.0, 231.0, 180.5]","[255, 255, 170]",63
white-0161,111,4,0.5,"[246.5, 239.0, 184.5]","[255, 255, 170]",63
white-0162,117,6,0.6666666666666666,"[249.0, 242.0, 196.5]","[255, 255, 170]",63
white-0163,190,13,0.23076923076923078,"[243.0, 234.0, 188.0]","[255, 255, 170]",63
white-0164,165,14,0.21428571428571427,"[246.0, 235.0, 183.0]","[255, 255, 170]",63
white-0165,112,8,0.5,"[242.0, 233.5, 187.0]","[255, 255, 170]",63
white-0166,199,26,0.19230769230769232,"[247.0, 242.0, 202.0]","[255, 255, 170]",63
white-0167,247,34,0.3235294117647059,"[244.0, 236.0, 188.0]","[255, 255, 170]",63
white-0168,164,14,0.5714285714285714,"[248.5, 242.0, 203.5]","[255, 255, 170]",63
white-0169,151,6,0.3333333333333333,"[233.5, 228.0, 201.5]","[255, 255, 170]",63
white-0170,172,4,0.5,"[245.0, 233.5, 185.5]","[255, 255, 170]",63
white-0171,161,26,0.6538461538461539,"[251.0, 244.0, 196.0]","[255, 255, 170]",63
white-0172,116,7,0.42857142857142855,"[245.0, 234.0, 194.0]","[255, 255, 170]",63
white-0173,140,9,0.4444444444444444,"[244.5, 233.0, 187.5]","[255, 255, 170]",63
white-0174,535,352,0.8465909090909091,"[250.0, 216.0, 84.0]","[255, 255, 85]",62
white-0175,498,323,0.8823529411764706,"[251.0, 228.0, 135.0]","[255, 255, 170]",63
white-0176,501,324,0.5925925925925926,"[251.0, 230.0, 147.0]","[255, 255, 170]",63
white-0177,500,323,0.7151702786377709,"[250.0, 227.0, 137.0]","[255, 255, 170]",63
white-0178,18,18,0.16666666666666666,"[253.0, 251.0, 222.0]","[255, 255, 255]",15
white-0179,17,17,0.29411764705882354,"[255.0, 247.0, 213.0]","[255, 255, 255]",15
white-0180,18,18,0.2777777777777778,"[244.0, 243.0, 216.0]","[255, 255, 255]",15
white-0181,63,63,0.1746031746031746,"[255.0, 247.0, 196.0]","[255, 255, 170]",63
white-0182,1990,1990,0.32864321608040203,"[183.0, 149.0, 39.0]","[170, 170, 0]",3
white-0183,154,9,0.3333333333333333,"[237.0, 230.0, 186.0]","[255, 255, 170]",63
white-0184,103,3,0.6666666666666666,"[245.5, 244.0, 218.0]","[255, 255, 255]",15
white-0185,170,3,0.3333333333333333,"[239.0, 229.0, 186.0]","[255, 255, 170]",63
white-0186,116,3,1.0,"[240.0, 236.0, 183.0]","[255, 255, 170]",63
white-0187,105,3,0.6666666666666666,"[248.5, 244.5, 219.5]","[255, 255, 255]",15
white-0188,173,17,0.23529411764705882,"[243.5, 237.0, 196.5]","[255, 255, 170]",63
white-0189,210,17,0.23529411764705882,"[238.5, 229.5, 184.0]","[255, 255, 170]",63
white-0190,120,7,0.5714285714285714,"[241.0, 235.5, 197.0]","[255, 255, 170]",63
white-0191,238,29,0.41379310344827586,"[243.0, 237.0, 200.0]","[255, 255, 170]",63
white-0192,165,14,0.42857142857142855,"[250.0, 244.0, 201.0]","[255, 255, 170]",63
white-0193,148,8,0.5,"[235.5, 232.5, 212.5]","[255, 255, 255]",15
white-0194,172,7,0.42857142857142855,"[243.0, 234.0, 201.0]","[255, 255, 170]",63
white-0195,148,5,0.8,"[241.0, 234.0, 183.5]","[255, 255, 170]",63
white-0196,155,7,0.2857142857142857,"[236.5, 227.0, 184.5]","[255, 255, 170]",63
white-0197,187,13,0.38461538461538464,"[250.0, 242.0, 195.0]","[255, 255, 170]",63
white-0198,262,146,0.636986301369863,"[1.0, 163.0, 186.0]","[0, 170, 170]",6
white-0199,277,157,0.4140127388535032,"[0.0, 181.0, 204.0]","[0, 170, 170]",6
white-0200,16,16,0.25,"[255.0, 255.0, 231.0]","[255, 255, 255]",15
white-0201,263,147,0.3741496598639456,"[0.0, 179.0, 203.0]","[0, 170, 170]",6
white-0202,260,143,0.3776223776223776,"[0.0, 165.0, 188.0]","[0, 170, 170]",6
white-0203,18,18,0.2222222222222222,"[254.5, 253.0, 231.5]","[255, 255, 255]",15
white-0204,18,18,0.16666666666666666,"[255.0, 255.0, 237.0]","[255, 255, 255]",15
white-0205,36804,30091,0.46312851018576984,"[252.0, 207.0, 50.0]","[255, 170, 85]",59
white-0206,4992,3698,0.9913466738777718,"[251.0, 232.0, 150.0]","[255, 255, 170]",63
white-0207,495,332,0.46686746987951805,"[253.0, 211.0, 57.0]","[255, 170, 85]",59
white-0208,4675,3387,0.9923235901978151,"[252.0, 232.0, 151.0]","[255, 255, 170]",63
white-0209,4676,3390,0.8905604719764012,"[251.0, 233.0, 154.0]","[255, 255, 170]",63
white-0210,4659,3375,0.9591111111111111,"[252.0, 235.0, 155.0]","[255, 255, 170]",63
white-0211,34,4,1.0,"[229.5, 183.5, 57.0]","[255, 170, 85]",59
white-0212,35,4,0.75,"[234.0, 197.0, 76.0]","[255, 170, 85]",59
white-0213,28,2,0.5,"[230.0, 181.0, 63.0]","[255, 170, 85]",59
white-0214,83,27,0.6296296296296297,"[243.0, 199.0, 53.0]","[255, 170, 85]",59
white-0215,20,20,0.2,"[245.5, 195.0, 40.5]","[255, 170, 0]",58
white-0216,13,13,0.23076923076923078,"[236.0, 190.0, 39.0]","[255, 170, 0]",58
white-0217,17,17,0.11764705882352941,"[149.5, 119.5, 19.5]","[170, 85, 0]",42
white-0218,19,19,0.2631578947368421,"[210.0, 168.0, 39.0]","[170, 170, 0]",3
white-0219,31,4,0.5,"[229.0, 190.5, 68.0]","[255, 170, 85]",59
white-0220,4688,2532,0.4609004739336493,"[248.0, 206.0, 53.0]","[255, 170, 85]",59
white-0221,4656,2850,0.45087719298245615,"[250.0, 206.0, 50.0]","[255, 170, 85]",59
white-0222,160,23,0.6086956521739131,"[253.0, 248.0, 210.0]","[255, 255, 170]",63
white-0223,150,6,0.8333333333333334,"[235.0, 229.0, 197.0]","[255, 255, 170]",63
white-0224,113,9,0.5555555555555556,"[239.0, 231.0, 195.0]","[255, 255, 170]",63
white-0225,200,26,0.34615384615384615,"[242.0, 235.0, 201.0]","[255, 255, 170]",63
white-0226,116,4,1.0,"[247.0, 240.0, 200.5]","[255, 255, 170]",63
white-0227,166,12,0.5,"[247.0, 238.5, 196.0]","[255, 255, 170]",63
white-0228,175,10,0.7,"[241.0, 236.0, 186.0]","[255, 255, 170]",63
white-0229,161,12,0.3333333333333333,"[242.0, 232.0, 183.0]","[255, 255, 170]",63
white-0230,243,34,0.38235294117647056,"[246.0, 241.0, 200.0]","[255, 255, 170]",63
white-0231,165,14,0.21428571428571427,"[247.0, 238.0, 183.0]","[255, 255, 170]",63
white-0232,150,8,0.5,"[244.0, 238.5, 203.5]","[255, 255, 170]",63
white-0233,170,9,0.4444444444444444,"[249.0, 241.5, 204.0]","[255, 255, 170]",63
white-0234,141,9,0.6666666666666666,"[247.5, 236.0, 194.5]","[255, 255, 170]",63
white-0235,176,9,0.2222222222222222,"[241.5, 235.0, 188.5]","[255, 255, 170]",63
white-0236,163,10,0.3,"[245.0, 236.0, 186.0]","[255, 255, 170]",63
white-0237,18,18,0.2222222222222222,"[251.0, 248.0, 212.0]","[255, 255, 170]",63
white-0238,16,16,0.375,"[255.0, 248.0, 231.0]","[255, 255, 255]",15
white-0239,16,16,0.25,"[255.0, 254.5, 227.0]","[255, 255, 255]",15
white-0240,1703,1703,0.4151497357604228,"[246.0, 202.0, 43.0]","[255, 170, 85]",59
white-0241,156,8,0.375,"[243.0, 238.0, 196.0]","[255, 255, 170]",63
white-0242,113,4,0.5,"[243.0, 231.0, 189.0]","[255, 255, 170]",63
white-0243,163,8,0.625,"[252.0, 246.0, 205.0]","[255, 255, 170]",63
white-0244,165,15,0.4,"[244.0, 237.5, 194.5]","[255, 255, 170]",63
white-0245,187,7,0.5714285714285714,"[243.5, 235.5, 187.0]","[255, 255, 170]",63
white-0246,163,12,0.25,"[245.0, 236.0, 186.0]","[255, 255, 170]",63
white-0247,200,28,0.32142857142857145,"[244.0, 237.0, 200.0]","[255, 255, 170]",63
white-0248,130,2,1.0,"[243.0, 231.5, 186.5]","[255, 255, 170]",63
white-0249,163,10,0.3,"[242.0, 231.0, 187.0]","[255, 255, 170]",63
white-0250,233,26,0.5384615384615384,"[246.5, 237.0, 196.5]","[255, 255, 170]",63
white-0251,166,13,0.38461538461538464,"[246.0, 236.0, 198.0]","[255, 255, 170]",63
white-0252,151,9,0.3333333333333333,"[241.0, 233.0, 201.0]","[255, 255, 170]",63
white-0253,167,4,0.75,"[247.0, 232.0, 189.0]","[255, 255, 170]",63
white-0254,150,11,0.36363636363636365,"[250.0, 241.5, 204.0]","[255, 255, 170]",63
white-0255,152,21,0.47619047619047616,"[250.0, 241.5, 196.5]","[255, 255, 170]",63
white-0256,170,10,0.5,"[244.0, 237.0, 197.0]","[255, 255, 170]",63
white-0257,16,16,0.3125,"[248.0, 249.0, 219.0]","[255, 255, 255]",15
white-0258,20,20,0.15,"[255.0, 247.0, 217.0]","[255, 255, 255]",15
white-0259,17,17,0.23529411764705882,"[248.5, 245.0, 212.0]","[255, 255, 170]",63
white-0260,47,47,0.46808510638297873,"[253.0, 247.5, 201.5]","[255, 255, 170]",63
white-0261,1989,1989,0.2619406737053796,"[181.0, 149.0, 50.0]","[170, 170, 85]",46
white-0262,184,12,0.5,"[243.5, 238.0, 197.0]","[255, 255, 170]",63
white-0263,136,6,0.3333333333333333,"[242.0, 235.5, 174.5]","[255, 255, 170]",63
white-0264,167,14,0.42857142857142855,"[249.5, 237.0, 186.5]","[255, 255, 170]",63
white-0265,184,10,0.5,"[251.0, 246.0, 203.0]","[255, 255, 170]",63
white-0266,186,8,0.625,"[247.0, 243.0, 204.0]","[255, 255, 170]",63
white-0267,165,1,1.0,"[238.0, 232.0, 196.0]","[255, 255, 170]",63
white-0268,158,5,0.6,"[238.0, 230.0, 198.0]","[255, 255, 170]",63
white-0269,160,8,0.375,"[250.0, 243.0, 217.0]","[255, 255, 255]",15
white-0270,106,1,1.0,"[243.0, 236.0, 190.0]","[255, 255, 170]",63
white-0271,227,26,0.2692307692307692,"[252.0, 244.0, 202.0]","[255, 255, 170]",63
white-0272,165,17,0.4117647058823529,"[251.0, 246.0, 202.0]","[255, 255, 170]",63
white-0273,145,5,0.6,"[243.0, 238.0, 202.0]","[255, 255, 170]",63
white-0274,176,5,0.6,"[244.0, 236.0, 199.0]","[255, 255, 170]",63
white-0275,140,3,0.6666666666666666,"[245.0, 235.5, 198.5]","[255, 255, 170]",63
white-0276,164,6,0.3333333333333333,"[241.0, 231.0, 186.0]","[255, 255, 170]",63
white-0277,139,3,0.3333333333333333,"[242.0, 236.0, 189.0]","[255, 255, 170]",63
white-0278,17,17,0.23529411764705882,"[255.0, 255.0, 231.0]","[255, 255, 255]",15
white-0279,17,17,0.17647058823529413,"[255.0, 248.0, 216.0]","[255, 255, 255]",15
white-0280,16,16,0.1875,"[255.0, 252.0, 215.0]","[255, 255, 255]",15
white-0281,1990,1990,0.38391959798994973,"[170.0, 155.0, 45.0]","[170, 170, 85]",46
white-0282,125,9,0.5555555555555556,"[245.0, 234.0, 190.0]","[255, 255, 170]",63
white-0283,241,36,0.19444444444444445,"[243.0, 237.0, 194.0]","[255, 255, 170]",63
white-0284,177,6,0.6666666666666666,"[252.0, 243.0, 198.5]","[255, 255, 170]",63
white-0285,179,7,0.5714285714285714,"[243.5, 234.5, 189.5]","[255, 255, 170]",63
white-0286,205,26,0.3076923076923077,"[245.0, 239.0, 192.5]","[255, 255, 170]",63
white-0287,103,1,1.0,"[244.0, 233.0, 190.0]","[255, 255, 170]",63
white-0288,114,9,0.6666666666666666,"[248.5, 241.0, 213.5]","[255, 255, 255]",15
white-0289,168,6,0.3333333333333333,"[236.5, 226.0, 179.0]","[255, 255, 170]",63
white-0290,181,10,0.5,"[251.0, 245.0, 202.0]","[255, 255, 170]",63
white-0291,122,6,0.8333333333333334,"[249.0, 242.0, 200.0]","[255, 255, 170]",63
white-0292,234,27,0.4444444444444444,"[247.0, 241.5, 213.0]","[255, 255, 255]",15
white-0293,167,17,0.35294117647058826,"[251.5, 242.5, 200.0]","[255, 255, 170]",63
white-0294,148,7,0.5714285714285714,"[250.0, 244.0, 205.0]","[255, 255, 170]",63
white-0295,170,8,0.375,"[248.0, 237.0, 188.0]","[255, 255, 170]",63
white-0296,165,10,0.4,"[246.0, 237.0, 195.5]","[255, 255, 170]",63
white-0297,117,7,0.42857142857142855,"[241.0, 232.0, 196.0]","[255, 255, 170]",63
white-0298,166,5,0.8,"[246.5, 237.0, 185.0]","[255, 255, 170]",63
white-0299,20,20,0.2,"[197.5, 200.0, 182.5]","[170, 170, 170]",7
white-0300,16,16,0.3125,"[254.0, 251.0, 234.0]","[255, 255, 255]",15
white-0301,16,16,0.4375,"[255.0, 252.0, 232.0]","[255, 255, 255]",15
white-0302,1990,1990,0.27587939698492464,"[234.0, 186.0, 29.0]","[255, 170, 0]",58
white-0303,195,17,0.4117647058823529,"[244.0, 237.0, 197.0]","[255, 255, 170]",63
white-0304,156,10,0.7,"[247.0, 237.0, 198.0]","[255, 255, 170]",63
white-0305,162,14,0.5,"[245.0, 236.0, 198.0]","[255, 255, 170]",63
white-0306,157,10,0.3,"[251.0, 245.0, 196.0]","[255, 255, 170]",63
white-0307,164,12,0.3333333333333333,"[245.0, 236.0, 198.5]","[255, 255, 170]",63
white-0308,175,20,0.5,"[248.0, 241.0, 198.0]","[255, 255, 170]",63
white-0309,156,10,0.5,"[247.0, 243.0, 207.0]","[255, 255, 170]",63
white-0310,168,15,0.3333333333333333,"[242.0, 237.0, 200.0]","[255, 255, 170]",63
white-0311,147,11,0.45454545454545453,"[245.0, 234.0, 182.0]","[255, 255, 170]",63
white-0312,120,12,0.25,"[241.0, 236.0, 214.0]","[255, 255, 255]",15
white-0313,245,30,0.36666666666666664,"[249.0, 243.0, 211.0]","[255, 255, 170]",63
white-0314,166,14,0.35714285714285715,"[248.0, 242.0, 199.0]","[255, 255, 170]",63
white-0315,149,5,0.2,"[221.0, 220.0, 210.0]","[255, 255, 170]",63
white-0316,172,8,0.5,"[242.5, 234.5, 189.0]","[255, 255, 170]",63
white-0317,143,7,0.2857142857142857,"[247.5, 237.0, 183.5]","[255, 255, 170]",63
white-0318,144,9,0.3333333333333333,"[236.0, 226.0, 181.0]","[255, 255, 170]",63
white-0319,174,13,0.3076923076923077,"[245.5, 236.5, 198.0]","[255, 255, 170]",63
white-0320,16,16,0.25,"[250.5, 251.5, 232.5]","[255, 255, 255]",15
white-0321,18,18,0.1111111111111111,"[202.0, 203.0, 195.0]","[170, 170, 170]",7
white-0322,20,20,0.1,"[181.5, 190.0, 172.5]","[170, 170, 170]",7
white-0323,1817,1817,0.434232250963126,"[243.0, 198.0, 40.0]","[255, 170, 0]",58
white-0324,179,11,0.45454545454545453,"[246.0, 237.0, 193.0]","[255, 255, 170]",63
white-0325,193,15,0.6,"[246.0, 235.0, 185.0]","[255, 255, 170]",63
white-0326,171,17,0.4117647058823529,"[246.0, 236.0, 202.0]","[255, 255, 170]",63
white-0327,177,6,0.3333333333333333,"[240.5, 237.5, 196.0]","[255, 255, 170]",63
white-0328,114,6,0.5,"[245.0, 234.0, 184.0]","[255, 255, 170]",63
white-0329,118,8,0.625,"[242.0, 237.0, 218.0]","[255, 255, 255]",15
white-0330,215,30,0.23333333333333334,"[233.0, 231.0, 218.0]","[255, 255, 255]",15
white-0331,155,8,0.5,"[252.0, 246.0, 209.5]","[255, 255, 170]",63
white-0332,239,32,0.25,"[243.5, 237.5, 199.5]","[255, 255, 170]",63
white-0333,167,18,0.3333333333333333,"[247.5, 240.5, 202.0]","[255, 255, 170]",63
white-0334,145,6,0.5,"[243.0, 237.0, 195.0]","[255, 255, 170]",63
white-0335,168,3,0.3333333333333333,"[245.0, 234.0, 190.0]","[255, 255, 170]",63
white-0336,139,5,0.4,"[248.0, 238.0, 201.0]","[255, 255, 170]",63
white-0337,162,7,0.2857142857142857,"[235.0, 226.5, 185.0]","[255, 255, 170]",63
white-0338,178,12,0.5,"[249.0, 244.0, 203.0]","[255, 255, 170]",63
white-0339,17,17,0.29411764705882354,"[253.0, 247.0, 230.0]","[255, 255, 255]",15
white-0340,16,16,0.5,"[253.5, 250.0, 215.5]","[255, 255, 255]",15
white-0341,16,16,0.3125,"[251.0, 246.0, 233.0]","[255, 255, 255]",15
white-0342,1928,1928,0.30809128630705396,"[247.0, 200.0, 44.0]","[255, 170, 85]",59
white-0343,4298,2063,0.4541929229277751,"[249.0, 205.0, 42.0]","[255, 170, 0]",58
white-0344,3010,1184,0.36739864864864863,"[250.0, 209.0, 43.0]","[255, 170, 85]",59
white-0345,1041,636,0.5330188679245284,"[253.0, 210.0, 53.0]","[255, 170, 85]",59
white-0346,492,218,0.4541284403669725,"[250.0, 229.0, 151.0]","[255, 255, 170]",63
white-0347,1051,642,0.40186915887850466,"[251.0, 205.0, 45.0]","[255, 170, 85]",59
white-0348,531,269,0.5464684014869888,"[251.0, 230.0, 152.0]","[255, 255, 170]",63
white-0349,509,219,0.5525114155251142,"[250.0, 229.0, 153.0]","[255, 255, 170]",63
white-0350,588,263,0.4144486692015209,"[249.0, 233.0, 165.0]","[255, 255, 170]",63
white-0351,511,253,0.5217391304347826,"[248.0, 232.0, 164.0]","[255, 255, 170]",63
white-0352,373,178,0.6685393258426966,"[248.0, 233.0, 166.0]","[255, 255, 170]",63
white-0353,372,171,0.47953216374269003,"[250.0, 234.0, 164.0]","[255, 255, 170]",63
white-0354,331,174,0.5517241379310345,"[247.0, 228.0, 151.0]","[255, 255, 170]",63
white-0355,501,239,0.3891213389121339,"[251.0, 231.0, 152.0]","[255, 255, 170]",63
white-0356,473,202,0.46534653465346537,"[250.0, 230.0, 153.0]","[255, 255, 170]",63
white-0357,3476,1981,0.5270065623422514,"[248.0, 205.0, 53.0]","[255, 170, 85]",59
white-0358,819,590,0.7271186440677966,"[0.0, 180.0, 200.0]","[0, 170, 170]",6
white-0359,833,603,0.5572139303482587,"[0.0, 179.0, 199.0]","[0, 170, 170]",6
white-0360,3489,1992,0.5326305220883534,"[247.0, 205.0, 54.0]","[255, 170, 85]",59
white-0361,1998,1052,0.6777566539923955,"[251.0, 210.0, 55.0]","[255, 170, 85]",59
white-0362,2106,1165,0.2952789699570815,"[248.0, 210.0, 71.0]","[255, 170, 85]",59
white-0363,364,212,0.3584905660377358,"[0.0, 171.0, 195.0]","[0, 170, 170]",6
white-0364,376,222,0.6126126126126126,"[2.0, 164.0, 184.0]","[0, 170, 170]",6
white-0365,338,189,0.4074074074074074,"[1.0, 166.0, 186.0]","[0, 170, 170]",6
white-0366,351,200,0.405,"[0.0, 181.0, 203.0]","[0, 170, 170]",6
white-0367,843,310,0.4774193548387097,"[246.0, 202.0, 56.0]","[255, 170, 85]",59
white-0368,1094,218,0.48623853211009177,"[243.0, 206.0, 61.0]","[255, 170, 85]",59
white-0369,1086,217,0.695852534562212,"[246.0, 204.0, 53.0]","[255, 170, 85]",59
white-0370,839,309,0.5469255663430421,"[246.0, 203.0, 55.0]","[255, 170, 85]",59
white-0371,242,93,0.45161290322580644,"[251.0, 209.0, 58.5]","[255, 170, 85]",59
white-0372,261,105,0.5142857142857142,"[251.0, 204.0, 54.0]","[255, 170, 85]",59
white-0373,729,437,0.6361556064073226,"[251.0, 227.0, 132.0]","[255, 255, 170]",63
white-0374,729,437,0.42105263157894735,"[251.0, 226.0, 131.0]","[255, 255, 170]",63
white-0375,91,27,0.5185185185185185,"[244.5, 212.0, 56.0]","[255, 170, 85]",59
white-0376,91,27,0.2962962962962963,"[241.5, 207.0, 57.0]","[255, 170, 85]",59
white-0377,96,30,0.8,"[252.0, 217.0, 52.5]","[255, 255, 85]",62
white-0378,94,27,0.48148148148148145,"[244.0, 210.0, 54.0]","[255, 170, 85]",59
white-0379,2363,2043,0.6333822809593734,"[252.0, 209.0, 52.0]","[255, 170, 85]",59
white-0380,2366,2050,0.6487804878048781,"[253.0, 209.0, 53.0]","[255, 170, 85]",59
white-0381,68,18,0.3333333333333333,"[235.5, 201.5, 75.5]","[255, 170, 85]",59
white-0382,835,445,0.45617977528089887,"[251.0, 210.0, 52.0]","[255, 170, 85]",59
white-0383,69,18,0.4444444444444444,"[237.5, 202.0, 69.5]","[255, 170, 85]",59
white-0384,60,12,0.5833333333333334,"[245.0, 210.0, 71.0]","[255, 170, 85]",59
white-0385,836,445,0.39101123595505616,"[251.0, 210.0, 53.0]","[255, 170, 85]",59
white-0386,60,12,0.4166666666666667,"[237.0, 192.0, 45.0]","[255, 170, 85]",59
white-0387,552,297,0.3838383838383838,"[251.0, 227.0, 140.0]","[255, 255, 170]",63
white-0388,636,327,0.42813455657492355,"[249.0, 230.0, 152.0]","[255, 255, 170]",63
white-0389,707,409,0.5158924205378973,"[251.0, 230.0, 151.0]","[255, 255, 170]",63
white-0390,710,415,0.5349397590361445,"[250.0, 230.0, 151.0]","[255, 255, 170]",63
white-0391,928,550,0.49636363636363634,"[249.0, 229.0, 152.0]","[255, 255, 170]",63
white-0392,468,280,0.4928571428571429,"[252.0, 231.0, 155.0]","[255, 255, 170]",63
white-0393,840,485,0.6453608247422681,"[251.0, 232.0, 152.0]","[255, 255, 170]",63
white-0394,587,317,0.41324921135646686,"[249.0, 230.0, 153.0]","[255, 255, 170]",63
white-0395,826,446,0.5246636771300448,"[251.0, 230.0, 150.0]","[255, 255, 170]",63
white-0396,639,329,0.5106382978723404,"[252.0, 233.0, 152.5]","[255, 255, 170]",63
white-0397,578,302,0.6821192052980133,"[250.0, 231.0, 152.0]","[255, 255, 170]",63
white-0398,80,24,0.5833333333333334,"[245.0, 204.0, 57.5]","[255, 170, 85]",59
white-0399,70,18,0.4444444444444444,"[242.0, 198.0, 52.5]","[255, 170, 85]",59
white-0400,64,15,0.4,"[244.5, 209.0, 68.5]","[255, 170, 85]",59
white-0401,66,17,0.5882352941176471,"[247.5, 203.0, 50.5]","[255, 170, 85]",59
white-0402,261,109,0.3211009174311927,"[249.0, 210.0, 57.0]","[255, 170, 85]",59
white-0403,261,111,0.2882882882882883,"[247.0, 205.0, 53.5]","[255, 170, 85]",59
white-0404,87,24,0.7083333333333334,"[244.0, 204.0, 53.0]","[255, 170, 85]",59
white-0405,102,36,0.4722222222222222,"[244.0, 212.0, 67.0]","[255, 170, 85]",59
white-0406,99,34,0.20588235294117646,"[244.0, 206.0, 60.0]","[255, 170, 85]",59
white-0407,92,27,0.3333333333333333,"[244.0, 210.0, 60.0]","[255, 170, 85]",59
white-0408,81,25,0.32,"[238.0, 217.0, 136.0]","[255, 255, 170]",63
white-0409,867,501,0.3532934131736527,"[248.0, 204.0, 41.0]","[255, 170, 0]",58
white-0410,884,514,0.31712062256809337,"[249.0, 205.0, 54.0]","[255, 170, 85]",59
white-0411,1540,995,0.5909547738693467,"[252.0, 210.0, 53.0]","[255, 170, 85]",59
white-0412,1526,983,0.5116988809766022,"[252.0, 209.0, 51.0]","[255, 170, 85]",59
white-0413,146,9,0.4444444444444444,"[244.5, 232.0, 186.0]","[255, 255, 170]",63
white-0414,185,18,0.6666666666666666,"[243.5, 233.0, 187.5]","[255, 255, 170]",63
white-0415,79,79,0.31645569620253167,"[251.0, 245.0, 199.0]","[255, 255, 170]",63
white-0416,185,15,0.5333333333333333,"[249.0, 237.0, 194.5]","[255, 255, 170]",63
white-0417,198,21,0.7619047619047619,"[242.0, 232.5, 187.0]","[255, 255, 170]",63
white-0418,1798,1481,0.637407157326131,"[1.0, 178.0, 197.0]","[0, 170, 170]",6
white-0419,183,15,0.5333333333333333,"[241.5, 233.5, 182.5]","[255, 255, 170]",63
white-0420,118,7,0.5714285714285714,"[245.0, 237.0, 199.5]","[255, 255, 170]",63
white-0421,169,25,0.52,"[251.0, 247.0, 205.0]","[255, 255, 170]",63
white-0422,126,11,0.45454545454545453,"[248.0, 244.0, 203.0]","[255, 255, 170]",63
white-0423,1796,1481,0.6340310600945307,"[1.0, 177.0, 196.0]","[0, 170, 170]",6
white-0424,555,333,0.4864864864864865,"[251.0, 209.0, 58.0]","[255, 170, 85]",59
white-0425,558,333,0.5435435435435435,"[251.0, 210.0, 56.0]","[255, 170, 85]",59
white-0426,20,20,0.25,"[255.0, 255.0, 221.0]","[255, 255, 255]",15
white-0427,19,19,0.21052631578947367,"[255.0, 254.0, 228.0]","[255, 255, 255]",15
white-0428,1360,858,0.32517482517482516,"[251.0, 214.0, 72.0]","[255, 255, 85]",62
white-0429,494,296,0.8918918918918919,"[249.5, 227.0, 132.0]","[255, 255, 170]",63
white-0430,1362,857,0.4352392065344224,"[250.0, 216.0, 88.0]","[255, 255, 85]",62
white-0431,499,303,0.6105610561056105,"[249.0, 219.0, 108.0]","[255, 255, 85]",62
white-0432,1397,892,0.3710762331838565,"[251.0, 213.0, 71.0]","[255, 255, 85]",62
white-0433,659,473,0.4820295983086681,"[0.0, 179.0, 200.0]","[0, 170, 170]",6
white-0434,481,288,0.7291666666666666,"[251.0, 227.0, 135.0]","[255, 255, 170]",63
white-0435,667,482,0.44190871369294604,"[1.0, 170.0, 190.0]","[0, 170, 170]",6
white-0436,1368,861,0.313588850174216,"[251.0, 220.0, 100.5]","[255, 255, 85]",62
white-0437,491,296,0.5168918918918919,"[250.0, 225.0, 132.0]","[255, 255, 170]",63
white-0438,20,20,0.2,"[253.0, 252.0, 235.0]","[255, 255, 255]",15
white-0439,17,17,0.29411764705882354,"[253.0, 250.0, 219.0]","[255, 255, 255]",15
white-0440,255,77,0.4935064935064935,"[243.0, 203.0, 56.5]","[255, 170, 85]",59
white-0441,255,77,0.6883116883116883,"[243.0, 200.0, 52.0]","[255, 170, 85]",59
white-0442,1059,815,0.5987730061349693,"[0.0, 179.0, 200.0]","[0, 170, 170]",6
white-0443,1073,828,0.5374396135265701,"[0.0, 179.0, 199.0]","[0, 170, 170]",6
white-0444,3392,3392,0.16863207547169812,"[255.0, 233.0, 36.0]","[255, 255, 0]",11
white-0445,3100,2229,0.9865410497981157,"[0.0, 235.0, 252.0]","[0, 255, 255]",14
white-0446,620,293,0.3924914675767918,"[246.0, 205.0, 54.0]","[255, 170, 85]",59
white-0447,611,283,0.5406360424028268,"[246.0, 204.0, 55.0]","[255, 170, 85]",59
white-0448,867,590,0.5135593220338983,"[253.0, 211.0, 58.0]","[255, 170, 85]",59
white-0449,872,593,0.403035413153457,"[252.0, 210.0, 57.0]","[255, 170, 85]",59
white-0450,873,598,0.5836120401337793,"[252.0, 216.0, 86.0]","[255, 255, 85]",62
white-0451,880,602,0.4152823920265781,"[252.0, 209.0, 55.0]","[255, 170, 85]",59
white-0452,2936,4,1.0,"[232.0, 193.0, 55.0]","[255, 170, 85]",59
white-0453,14,14,0.2857142857142857,"[155.0, 134.5, 25.5]","[170, 170, 0]",3
white-0454,8,8,0.25,"[165.5, 116.5, 26.0]","[170, 85, 0]",42
white-0455,10,10,0.2,"[145.5, 122.5, 23.5]","[170, 85, 0]",42
white-0456,8,8,0.25,"[155.0, 122.5, 27.5]","[170, 85, 0]",42
white-0457,6578,3635,0.5620357634112793,"[251.0, 209.0, 56.0]","[255, 170, 85]",59
white-0458,1222,717,0.6164574616457462,"[248.0, 204.0, 55.0]","[255, 170, 85]",59
white-0459,1233,725,0.5379310344827586,"[249.0, 206.0, 52.0]","[255, 170, 85]",59
white-0460,3674,2144,0.39972014925373134,"[249.0, 206.0, 52.0]","[255, 170, 85]",59
white-0461,3810,2275,0.4351648351648352,"[249.0, 205.0, 51.0]","[255, 170, 85]",59
white-0462,290,54,0.35185185185185186,"[239.0, 201.0, 53.0]","[255, 170, 85]",59
white-0463,290,54,0.4074074074074074,"[239.0, 197.0, 41.5]","[255, 170, 0]",58
white-0464,17623,8374,0.5133747313112014,"[251.0, 209.0, 52.0]","[255, 170, 85]",59
white-0465,805,455,0.5846153846153846,"[247.0, 206.0, 55.0]","[255, 170, 85]",59
white-0466,1824,420,0.6523809523809524,"[0.0, 232.0, 244.0]","[0, 255, 255]",14
white-0467,818,465,0.567741935483871,"[247.0, 206.0, 55.0]","[255, 170, 85]",59
white-0468,1517,199,0.4271356783919598,"[241.0, 206.0, 52.0]","[255, 170, 85]",59
white-0469,1519,213,0.30985915492957744,"[243.0, 199.0, 43.0]","[255, 170, 85]",59
white-0470,1520,209,0.35406698564593303,"[247.0, 206.0, 44.0]","[255, 170, 85]",59
white-0471,1469,217,0.31797235023041476,"[247.0, 204.0, 42.0]","[255, 170, 0]",58
white-0472,1506,212,0.39622641509433965,"[246.0, 204.0, 42.5]","[255, 170, 0]",58
white-0473,2111,203,0.39408866995073893,"[245.5, 204.0, 42.0]","[255, 170, 0]",58
white-0474,331,62,0.9516129032258065,"[237.0, 204.0, 68.0]","[255, 170, 85]",59
white-0475,413,174,0.28160919540229884,"[251.0, 243.0, 197.0]","[255, 255, 170]",63
white-0476,1,1,1.0,"[4.0, 136.0, 163.0]","[0, 170, 170]",6
white-0477,836,620,0.7516129032258064,"[252.0, 243.0, 197.0]","[255, 255, 170]",63
white-0478,381,173,0.35260115606936415,"[250.0, 242.0, 201.0]","[255, 255, 170]",63
white-0479,602,410,0.40487804878048783,"[252.0, 242.0, 187.0]","[255, 255, 170]",63
white-0480,490,296,0.8277027027027027,"[1.0, 236.0, 252.0]","[0, 255, 255]",14
white-0481,3,3,1.0,"[1.0, 132.0, 156.0]","[0, 170, 170]",6
white-0482,764,384,0.6015625,"[250.0, 210.0, 59.0]","[255, 170, 85]",59
white-0483,1161,481,0.33471933471933474,"[246.0, 206.0, 54.0]","[255, 170, 85]",59
white-0484,615,341,0.4281524926686217,"[248.0, 211.0, 68.0]","[255, 170, 85]",59
white-0485,466,310,0.44193548387096776,"[252.0, 241.0, 182.0]","[255, 255, 170]",63
white-0486,432,280,0.525,"[252.0, 244.0, 200.0]","[255, 255, 170]",63
white-0487,581,312,0.358974358974359,"[249.0, 209.0, 60.0]","[255, 170, 85]",59
white-0488,1160,481,0.28482328482328484,"[249.0, 205.0, 52.0]","[255, 170, 85]",59
white-0489,800,415,0.5204819277108433,"[250.0, 213.0, 70.0]","[255, 255, 85]",62
white-0490,444,264,0.5303030303030303,"[251.0, 242.0, 195.0]","[255, 255, 170]",63
white-0491,443,264,0.9204545454545454,"[250.0, 242.0, 199.0]","[255, 255, 170]",63
white-0492,416,270,0.45555555555555555,"[251.0, 243.0, 198.0]","[255, 255, 170]",63
white-0493,406,262,0.6145038167938931,"[252.0, 244.0, 200.0]","[255, 255, 170]",63
white-0494,421,249,0.7228915662650602,"[0.0, 233.0, 246.0]","[0, 255, 255]",14
white-0495,115,40,0.375,"[244.0, 236.0, 188.0]","[255, 255, 170]",63
white-0496,73,73,0.4657534246575342,"[247.0, 245.0, 203.0]","[255, 255, 170]",63
white-0497,402,163,0.3312883435582822,"[246.0, 237.0, 185.0]","[255, 255, 170]",63
white-0498,318,175,0.68,"[1.0, 231.0, 249.0]","[0, 255, 255]",14
white-0499,392,238,0.4117647058823529,"[1.0, 163.5, 186.0]","[0, 170, 170]",6
white-0500,405,251,0.40239043824701193,"[1.0, 166.0, 188.0]","[0, 170, 170]",6
white-0501,370,222,0.4369369369369369,"[1.0, 166.0, 189.0]","[0, 170, 170]",6
white-0502,410,254,0.5984251968503937,"[1.0, 165.0, 187.0]","[0, 170, 170]",6
white-0503,254,135,0.9407407407407408,"[3.0, 231.0, 247.0]","[0, 255, 255]",14
white-0504,215,96,0.40625,"[251.0, 243.0, 198.0]","[255, 255, 170]",63
white-0505,193,95,0.8421052631578947,"[1.0, 231.0, 249.0]","[0, 255, 255]",14
white-0506,4,4,1.0,"[2.0, 134.5, 163.0]","[0, 170, 170]",6
white-0507,1,1,1.0,"[0.0, 132.0, 154.0]","[0, 170, 170]",6
white-0508,203,60,0.65,"[244.0, 203.0, 55.0]","[255, 170, 85]",59
white-0509,197,58,0.39655172413793105,"[246.0, 201.0, 40.0]","[255, 170, 0]",58
white-0510,1931,1216,0.5904605263157895,"[251.0, 206.0, 50.0]","[255, 170, 85]",59
white-0511,1969,1253,0.5251396648044693,"[251.0, 206.0, 49.0]","[255, 170, 85]",59
white-0512,1933,1244,0.39067524115755625,"[250.0, 231.0, 154.0]","[255, 255, 170]",63
white-0513,4913,2094,0.8213944603629417,"[250.0, 204.0, 51.0]","[255, 170, 85]",59
white-0514,4909,2091,0.7551410808225729,"[250.0, 204.0, 51.0]","[255, 170, 85]",59
white-0515,1570,870,0.5804597701149425,"[247.0, 205.0, 54.0]","[255, 170, 85]",59
white-0516,6049,2679,0.5307950727883539,"[246.0, 203.0, 56.0]","[255, 170, 85]",59
white-0517,3868,1552,0.46649484536082475,"[243.0, 201.0, 53.0]","[255, 170, 85]",59
white-0518,3877,1556,0.3823907455012853,"[243.0, 201.0, 53.0]","[255, 170, 85]",59
white-0519,6034,2673,0.6677890011223344,"[246.0, 204.0, 57.0]","[255, 170, 85]",59
white-0520,1570,870,0.5781609195402299,"[246.0, 204.0, 55.0]","[255, 170, 85]",59
white-0521,2682,1980,0.4631313131313131,"[252.0, 210.0, 60.0]","[255, 170, 85]",59
white-0522,1657,1300,0.42,"[253.0, 209.0, 54.0]","[255, 170, 85]",59
white-0523,1654,1296,0.5339506172839507,"[252.0, 209.0, 52.0]","[255, 170, 85]",59
white-0524,2690,1986,0.3756294058408862,"[252.0, 210.0, 59.5]","[255, 170, 85]",59
white-0525,492,296,0.4358108108108108,"[248.0, 206.0, 53.0]","[255, 170, 85]",59
white-0526,501,302,0.6125827814569537,"[251.0, 209.0, 57.0]","[255, 170, 85]",59
white-0527,1232,737,0.7204884667571235,"[251.0, 227.0, 134.0]","[255, 255, 170]",63
white-0528,100,1,1.0,"[253.0, 239.0, 185.0]","[255, 255, 170]",63
white-0529,320,79,0.379746835443038,"[246.0, 235.0, 182.5]","[255, 255, 170]",63
white-0530,205,10,0.5,"[246.0, 237.0, 181.0]","[255, 255, 170]",63
white-0531,191,39,0.4358974358974359,"[243.0, 234.0, 197.0]","[255, 255, 170]",63
white-0532,118,20,0.7,"[242.0, 232.0, 182.0]","[255, 255, 170]",63
white-0533,179,30,0.3,"[243.0, 234.0, 185.0]","[255, 255, 170]",63
white-0534,167,33,0.3939393939393939,"[236.0, 229.0, 195.0]","[255, 255, 170]",63
white-0535,241,43,0.5813953488372093,"[242.0, 232.0, 187.0]","[255, 255, 170]",63
white-0536,179,29,0.3448275862068966,"[242.0, 234.0, 203.0]","[255, 255, 170]",63
white-0537,120,20,0.95,"[238.0, 228.0, 181.0]","[255, 255, 170]",63
white-0538,133,6,0.6666666666666666,"[243.5, 236.0, 202.5]","[255, 255, 170]",63
white-0539,215,38,0.23684210526315788,"[238.0, 233.0, 196.0]","[255, 255, 170]",63
white-0540,195,38,0.39473684210526316,"[243.0, 236.0, 198.0]","[255, 255, 170]",63
white-0541,376,149,0.35570469798657717,"[249.0, 207.0, 56.0]","[255, 170, 85]",59
white-0542,378,150,0.41333333333333333,"[250.0, 209.0, 65.0]","[255, 170, 85]",59
white-0543,714,516,0.4418604651162791,"[253.0, 225.0, 120.0]","[255, 255, 85]",62
white-0544,423,266,0.4699248120300752,"[0.0, 181.0, 201.0]","[0, 170, 170]",6
white-0545,756,457,0.40043763676148797,"[252.0, 227.0, 133.0]","[255, 255, 170]",63
white-0546,763,466,0.33261802575107297,"[253.0, 225.0, 120.0]","[255, 255, 85]",62
white-0547,417,259,0.44787644787644787,"[1.0, 165.0, 184.0]","[0, 170, 170]",6
white-0548,715,517,0.5087040618955513,"[252.0, 226.0, 124.0]","[255, 255, 85]",62
white-0549,496,331,0.3293051359516616,"[0.0, 181.0, 202.0]","[0, 170, 170]",6
white-0550,494,330,0.3575757575757576,"[0.0, 179.0, 200.0]","[0, 170, 170]",6
white-0551,572,195,0.4307692307692308,"[247.0, 209.0, 58.0]","[255, 170, 85]",59
white-0552,600,196,0.5459183673469388,"[248.0, 209.0, 61.0]","[255, 170, 85]",59
white-0553,5622,2797,0.5913478727207723,"[251.0, 205.0, 45.0]","[255, 170, 85]",59
white-0554,5632,2802,0.5424696645253391,"[251.0, 205.0, 45.0]","[255, 170, 85]",59
